{
  "images": [
    {
      "id": 1,
      "filename": "rueckblick-1.png",
      "title": "Besichtigung Supermarket",
      "description": "Erste Besichtigung des Veranstaltungsortes Supermarket Zürich",
      "category": "start",
      "order": 1
    },
    {
      "id": 2,
      "filename": "rueckblick-2.png",
      "title": "Zusage Supermarket",
      "description": "Sandro Bohnenblust vom Supermarket mit Reto und Roland",
      "category": "start",
      "order": 2
    },
    {
      "id": 3,
      "filename": "rueckblick-3.png",
      "title": "DJ-Workshop bei insieme",
      "description": "Workshop für DJ-Pairing bei insieme Zürich",
      "category": "workshops",
      "order": 3
    },
    {
      "id": 4,
      "filename": "rueckblick-4.png",
      "title": "Kochen für die Crew",
      "description": "Gemeinsames Kochen für die Crew bei insieme",
      "category": "crew",
      "order": 4
    },
    {
      "id": 5,
      "filename": "rueckblick-5.png",
      "title": "Crew-Essen bei insieme",
      "description": "Gemeinsames Essen der Crew",
      "category": "crew",
      "order": 5
    },
    {
      "id": 6,
      "filename": "rueckblick-6.png",
      "title": "Die Geburt der Dance Crew",
      "description": "Entstehung der Inclusions Dance Crew",
      "category": "dance-crew",
      "order": 6
    },
    {
      "id": 7,
      "filename": "rueckblick-7.png",
      "title": "Launch der Webseite",
      "description": "Launch-Event der Inclusions Webseite",
      "category": "events",
      "order": 2
    },
    {
      "id": 8,
      "filename": "rueckblick-8.png",
      "title": "Inclusions Art - Künstler Marcel",
      "description": "Kunstprojekt mit Künstler Marcel bei insieme",
      "category": "inclusions-art",
      "order": 8
    },
    {
      "id": 9,
      "filename": "rueckblick-9.png",
      "title": "Promo-Ausflug Luzern Neubad",
      "description": "Promotionsausflug nach Luzern ins Neubad",
      "category": "kultur",
      "order": 9
    },
    {
      "id": 10,
      "filename": "rueckblick-10.png",
      "title": "DJ-Auftritt Galerie Club Zürich",
      "description": "Inclusions DJ-Auftritt im Galerie Club Zürich",
      "category": "dj-on-tour",
      "order": 10
    },
    {
      "id": 11,
      "filename": "rueckblick-11.png",
      "title": "DJ-Pairing im Übungsraum",
      "description": "DJ-Pairing Training im Übungsraum",
      "category": "workshops",
      "order": 11
    },
    {
      "id": 12,
      "filename": "rueckblick-12.png",
      "title": "Inclusions DJs beim insieme Sommerfest",
      "description": "DJ-Auftritt beim insieme Sommerfest",
      "category": "insieme-sommerfest",
      "order": 12
    },
    {
      "id": 13,
      "filename": "rueckblick-13.png",
      "title": "Food Truck beim insieme Sommerfest",
      "description": "Inclusions Food Truck beim insieme Sommerfest",
      "category": "insieme-sommerfest",
      "order": 13
    },
    {
      "id": 14,
      "filename": "rueckblick-14.png",
      "title": "Inclusions beim insieme Sommerfest",
      "description": "Inclusions Aktivitäten beim insieme Sommerfest",
      "category": "insieme-sommerfest",
      "order": 14
    },
    {
      "id": 15,
      "filename": "rueckblick-15.png",
      "title": "Mit Ueli - wichtiger Unterstützer",
      "description": "Treffen mit Ueli, einem wichtigen Unterstützer von Inclusions",
      "category": "sponsoren",
      "order": 15
    },
    {
      "id": 16,
      "filename": "rueckblick-16.png",
      "title": "Sponsor Manroof",
      "description": "Manroof als wertvoller Sponsor von Inclusions",
      "category": "sponsoren",
      "order": 16
    },
    {
      "id": 17,
      "filename": "rueckblick-17.png",
      "title": "Lunch mit Bar- und Club-Kommission",
      "description": "Treffen mit der Bar- und Club-Kommission",
      "category": "wertvolle-treffen",
      "order": 17
    },
    {
      "id": 18,
      "filename": "rueckblick-18.png",
      "title": "Dance Crew Hauptprobe",
      "description": "Hauptprobe der Inclusions Dance Crew",
      "category": "dance-crew",
      "order": 18
    },
    {
      "id": 19,
      "filename": "rueckblick-19.png",
      "title": "Ausflug Bundeshaus mit insieme",
      "description": "Gemeinsamer Ausflug zum Bundeshaus mit insieme",
      "category": "kultur",
      "order": 19
    },
    {
      "id": 20,
      "filename": "rueckblick-20.png",
      "title": "Die ersten Inclusions Gäste",
      "description": "Die ersten Gäste bei einem Inclusions Event",
      "category": "grosser-tag",
      "order": 20
    },
    {
      "id": 21,
      "filename": "rueckblick-21.png",
      "title": "Fullhouse und tolle Stimmung",
      "description": "Volles Haus und tolle Stimmung von Anfang bis Ende",
      "category": "grosser-tag",
      "order": 21
    },
    {
      "id": 22,
      "filename": "rueckblick-22.png",
      "title": "Inclusions Sound berührt die Gäste",
      "description": "Die Musik von Inclusions berührt die Gäste",
      "category": "grosser-tag",
      "order": 22
    },
    {
      "id": 23,
      "filename": "rueckblick-23.png",
      "title": "Debriefing mit Team",
      "description": "Nachbesprechung mit dem Team nach dem Event",
      "category": "abschluss",
      "order": 23
    },
    {
      "id": 24,
      "filename": "rueckblick-24.png",
      "title": "Die Reise geht weiter - Tanz am Morgen",
      "description": "Tanz am Morgen mit Coco und Inclusions Brunch",
      "category": "community-event",
      "order": 24
    }
  ]
}

